seed,sgd_001,sgd_003,sgd_009,scheduled_sgd,adam_001,regulated_sgd
20261101,0.3018578121,0.3035504481,0.3131036144,0.3026009624,0.3046240788,0.3040177521
20261102,0.2997250227,0.3073063837,0.3129128760,0.3036663380,0.3148882654,0.3101176706
20261103,0.3039606625,0.3084642324,0.3021810542,0.3079403953,0.2986136991,0.3083514817
20261104,0.3055554496,0.3128833277,0.3257601232,0.3105033598,0.3088976047,0.3149612697
20261105,0.2986020197,0.2974979027,0.2986481651,0.2982042136,0.2930902559,0.2971767270
20261106,0.3001931939,0.3021629879,0.2989663178,0.3020237297,0.3086926090,0.3026165671
20261107,0.3008151591,0.2995248890,0.2986772750,0.2994829821,0.2991664702,0.2996055929
20261108,0.3023449511,0.3045113493,0.3013217767,0.3050665276,0.3125399325,0.3052410892
20261109,0.2993702536,0.3019308700,0.2986848501,0.3018307944,0.3144875953,0.3009175969
20261110,0.3041241674,0.3090956472,0.3110426078,0.3074514551,0.3067745067,0.3094067704
20261111,0.2987071415,0.3031389336,0.3157941471,0.3018272832,0.2972237177,0.3039810696
20261112,0.3018316396,0.3083880146,0.3199191876,0.3054569831,0.3066039197,0.3085073205
20261113,0.2998938332,0.3042964049,0.3045032754,0.3036707947,0.3021909307,0.3040634765
20261114,0.3032383381,0.3089134421,0.3100565554,0.3083181958,0.3168391059,0.3087314727
20261115,0.3020523197,0.3042698731,0.3072129776,0.3036390263,0.3023882857,0.3027722158
20261116,0.3015924226,0.3055397415,0.3021016582,0.3041293536,0.3166961233,0.3049512779
20261117,0.3015983451,0.3085109311,0.3228685369,0.3052420528,0.3040364334,0.3067810357
20261118,0.3020772035,0.3078907761,0.3098903767,0.3064271831,0.2930376097,0.3121018379
20261119,0.2964407730,0.3011681380,0.2993699628,0.2992516455,0.2882019310,0.3012462115
20261120,0.3024049577,0.3029969068,0.3011886236,0.3033358964,0.3053046563,0.3041467269
20261121,0.2992638866,0.3038485081,0.3092321222,0.3019113723,0.3044049943,0.3049595706
20261122,0.3008847551,0.3001464893,0.3013877818,0.3007836846,0.2788897971,0.2997172367
20261123,0.3009754726,0.3127560333,0.3139364256,0.3072149438,0.3010700352,0.3137353597
20261124,0.3019846709,0.3026766118,0.3047392679,0.3025460976,0.3037100608,0.3035479092
